{
	"tags": null,
	"position": [
		87.85212707519531,
		-7.958078640513122e-13,
		0
	],
	"rotation": [
		0,
		0,
		0
	],
	"rotationQuaternion": [
		-3.469446951953614e-18,
		3.469446951953614e-18,
		-1.3877787807814457e-17,
		1
	],
	"scaling": [
		1,
		1,
		1
	],
	"billboardMode": 0,
	"scalingDeterminant": 1,
	"infiniteDistance": false,
	"ignoreNonUniformScaling": false,
	"reIntegrateRotationIntoRotationQuaternion": false,
	"name": "BackFinT3.22",
	"id": "980b580f-5a2d-4699-b240-9683fc55d3fa",
	"state": "",
	"metadata": {
		"gltf": {
			"pointers": [
				"/nodes/0"
			],
			"editorDone": true
		}
	},
	"type": "TransformNode",
	"parentId": "5342b881-119c-4289-9950-159c63967c07",
	"localMatrix": {
		"0": 1,
		"1": 0,
		"2": 0,
		"3": 0,
		"4": 0,
		"5": 1,
		"6": 0,
		"7": 0,
		"8": 0,
		"9": 0,
		"10": 1,
		"11": 0,
		"12": 0,
		"13": 0,
		"14": 0,
		"15": 1
	},
	"isEnabled": true
}