{
	"tags": null,
	"position": [
		66.01534271240234,
		66.30184173583984,
		0.000002509117848603637
	],
	"rotation": [
		0,
		0,
		0
	],
	"rotationQuaternion": [
		-6.410921062526882e-17,
		-2.6541711227764497e-16,
		0.4943436086177826,
		0.8692666292190552
	],
	"scaling": [
		1,
		1,
		1
	],
	"billboardMode": 0,
	"scalingDeterminant": 1,
	"infiniteDistance": false,
	"ignoreNonUniformScaling": false,
	"reIntegrateRotationIntoRotationQuaternion": false,
	"name": "BackFinT1.20",
	"id": "67d32a9a-baba-4379-aa2c-2e12c45f5af6",
	"state": "",
	"metadata": {
		"gltf": {
			"pointers": [
				"/nodes/24"
			],
			"editorDone": true
		}
	},
	"type": "TransformNode",
	"parentId": "2472a42c-194f-4649-80dd-6961d0543c3f",
	"localMatrix": {
		"0": 1,
		"1": 0,
		"2": 0,
		"3": 0,
		"4": 0,
		"5": 1,
		"6": 0,
		"7": 0,
		"8": 0,
		"9": 0,
		"10": 1,
		"11": 0,
		"12": 0,
		"13": 0,
		"14": 0,
		"15": 1
	},
	"isEnabled": true
}