{
	"tags": null,
	"position": [
		81.22773742675781,
		2.2737367544323206e-12,
		8.526512829121202e-14
	],
	"rotation": [
		0,
		0,
		0
	],
	"rotationQuaternion": [
		-3.4806999170067856e-18,
		0,
		0.08034640550613403,
		0.9967670440673828
	],
	"scaling": [
		1,
		1,
		1
	],
	"billboardMode": 0,
	"scalingDeterminant": 1,
	"infiniteDistance": false,
	"ignoreNonUniformScaling": false,
	"reIntegrateRotationIntoRotationQuaternion": false,
	"name": "BackFinB2.24",
	"id": "2fe59528-eaa0-40f0-82a5-7d3b042dc743",
	"state": "",
	"metadata": {
		"gltf": {
			"pointers": [
				"/nodes/27"
			],
			"editorDone": true
		}
	},
	"type": "TransformNode",
	"parentId": "df8b60cd-38ff-4c1f-8e49-2bc768066eca",
	"localMatrix": {
		"0": 1,
		"1": 0,
		"2": 0,
		"3": 0,
		"4": 0,
		"5": 1,
		"6": 0,
		"7": 0,
		"8": 0,
		"9": 0,
		"10": 1,
		"11": 0,
		"12": 0,
		"13": 0,
		"14": 0,
		"15": 1
	},
	"isEnabled": true
}