{
	"tags": null,
	"position": [
		91.232177734375,
		-72.4575424194336,
		0.000002509117848603637
	],
	"rotation": [
		0,
		0,
		0
	],
	"rotationQuaternion": [
		9.517784973496452e-17,
		-2.0642151896428917e-16,
		-0.45439180731773376,
		0.8908019661903381
	],
	"scaling": [
		1,
		1,
		1
	],
	"billboardMode": 0,
	"scalingDeterminant": 1,
	"infiniteDistance": false,
	"ignoreNonUniformScaling": false,
	"reIntegrateRotationIntoRotationQuaternion": false,
	"name": "BackFinB1.23",
	"id": "df8b60cd-38ff-4c1f-8e49-2bc768066eca",
	"state": "",
	"metadata": {
		"gltf": {
			"pointers": [
				"/nodes/26"
			],
			"editorDone": true
		}
	},
	"type": "TransformNode",
	"parentId": "2472a42c-194f-4649-80dd-6961d0543c3f",
	"localMatrix": {
		"0": 1,
		"1": 0,
		"2": 0,
		"3": 0,
		"4": 0,
		"5": 1,
		"6": 0,
		"7": 0,
		"8": 0,
		"9": 0,
		"10": 1,
		"11": 0,
		"12": 0,
		"13": 0,
		"14": 0,
		"15": 1
	},
	"isEnabled": true
}