{
	"tags": null,
	"position": [
		115.99676513671875,
		1.0231815394945443e-12,
		0
	],
	"rotation": [
		0,
		0,
		0
	],
	"rotationQuaternion": [
		-1.739763901039399e-18,
		8.698819505196995e-19,
		-0.07606564462184906,
		0.9971027970314026
	],
	"scaling": [
		1,
		1,
		1
	],
	"billboardMode": 0,
	"scalingDeterminant": 1,
	"infiniteDistance": false,
	"ignoreNonUniformScaling": false,
	"reIntegrateRotationIntoRotationQuaternion": false,
	"name": "BackFinT2.21",
	"id": "5342b881-119c-4289-9950-159c63967c07",
	"state": "",
	"metadata": {
		"gltf": {
			"pointers": [
				"/nodes/25"
			],
			"editorDone": true
		}
	},
	"type": "TransformNode",
	"parentId": "67d32a9a-baba-4379-aa2c-2e12c45f5af6",
	"localMatrix": {
		"0": 1,
		"1": 0,
		"2": 0,
		"3": 0,
		"4": 0,
		"5": 1,
		"6": 0,
		"7": 0,
		"8": 0,
		"9": 0,
		"10": 1,
		"11": 0,
		"12": 0,
		"13": 0,
		"14": 0,
		"15": 1
	},
	"isEnabled": true
}