{
	"tags": null,
	"position": [
		77.10372161865234,
		-1.9895196601282805e-13,
		2.6290081223123707e-13
	],
	"rotation": [
		0,
		0,
		0
	],
	"rotationQuaternion": [
		-6.95580395716965e-18,
		-3.477901978584825e-18,
		-0.06968557834625244,
		0.9975690245628357
	],
	"scaling": [
		1,
		1,
		1
	],
	"billboardMode": 0,
	"scalingDeterminant": 1,
	"infiniteDistance": false,
	"ignoreNonUniformScaling": false,
	"reIntegrateRotationIntoRotationQuaternion": false,
	"name": "DorsalFin2.27",
	"id": "12069deb-febe-4a3a-a62a-7099af8bc953",
	"state": "",
	"metadata": {
		"gltf": {
			"pointers": [
				"/nodes/30"
			],
			"editorDone": true
		}
	},
	"type": "TransformNode",
	"parentId": "7d9a05a9-a3f9-4bd3-9b5a-6e71b4f1c220",
	"localMatrix": {
		"0": 1,
		"1": 0,
		"2": 0,
		"3": 0,
		"4": 0,
		"5": 1,
		"6": 0,
		"7": 0,
		"8": 0,
		"9": 0,
		"10": 1,
		"11": 0,
		"12": 0,
		"13": 0,
		"14": 0,
		"15": 1
	},
	"isEnabled": true
}