{
	"tags": null,
	"position": [
		253.67857360839844,
		18.289710998535156,
		-96.18633270263672
	],
	"rotation": [
		0,
		0,
		0
	],
	"rotationQuaternion": [
		-0.0009940753225237131,
		0.9887233376502991,
		-0.0011559700360521674,
		0.14974623918533325
	],
	"scaling": [
		1,
		1,
		1
	],
	"billboardMode": 0,
	"scalingDeterminant": 1,
	"infiniteDistance": false,
	"ignoreNonUniformScaling": false,
	"reIntegrateRotationIntoRotationQuaternion": false,
	"name": "L_Eye.7",
	"id": "57509082-6b5a-48c6-b22f-41226394dc63",
	"state": "",
	"metadata": {
		"gltf": {
			"pointers": [
				"/nodes/14"
			],
			"editorDone": true
		}
	},
	"type": "TransformNode",
	"parentId": "96ba895e-96f3-4510-9143-632839c9eef5",
	"localMatrix": {
		"0": 1,
		"1": 0,
		"2": 0,
		"3": 0,
		"4": 0,
		"5": 1,
		"6": 0,
		"7": 0,
		"8": 0,
		"9": 0,
		"10": 1,
		"11": 0,
		"12": 0,
		"13": 0,
		"14": 0,
		"15": 1
	},
	"isEnabled": true
}