{
	"tags": null,
	"position": [
		135.26832580566406,
		-77.30809783935547,
		154.75128173828125
	],
	"rotation": [
		0,
		0,
		0
	],
	"rotationQuaternion": [
		0.10107638686895369,
		-0.6039758324623107,
		-0.2050998657941818,
		0.763499081134796
	],
	"scaling": [
		1,
		1,
		1
	],
	"billboardMode": 0,
	"scalingDeterminant": 1,
	"infiniteDistance": false,
	"ignoreNonUniformScaling": false,
	"reIntegrateRotationIntoRotationQuaternion": false,
	"name": "L_Fin1.29",
	"id": "b5d4016f-ac59-40ab-98df-d6a341b4598b",
	"state": "",
	"metadata": {
		"gltf": {
			"pointers": [
				"/nodes/5"
			],
			"editorDone": true
		}
	},
	"type": "TransformNode",
	"parentId": "2ed3c522-7fec-4567-9723-ca4779ca0b25",
	"localMatrix": {
		"0": 1,
		"1": 0,
		"2": 0,
		"3": 0,
		"4": 0,
		"5": 1,
		"6": 0,
		"7": 0,
		"8": 0,
		"9": 0,
		"10": 1,
		"11": 0,
		"12": 0,
		"13": 0,
		"14": 0,
		"15": 1
	},
	"isEnabled": true
}