{
	"tags": null,
	"position": [
		79.54460144042969,
		6.394884621840902e-13,
		4.831690603168681e-13
	],
	"rotation": [
		0,
		0,
		0
	],
	"rotationQuaternion": [
		-0.055192045867443085,
		0.10601205378770828,
		-0.051362719386816025,
		0.9915024638175964
	],
	"scaling": [
		1,
		1,
		1
	],
	"billboardMode": 0,
	"scalingDeterminant": 1,
	"infiniteDistance": false,
	"ignoreNonUniformScaling": false,
	"reIntegrateRotationIntoRotationQuaternion": false,
	"name": "L_Fin2.30",
	"id": "c549738f-f53a-4eb2-8c91-6dcff559225c",
	"state": "",
	"metadata": {
		"gltf": {
			"pointers": [
				"/nodes/31"
			],
			"editorDone": true
		}
	},
	"type": "TransformNode",
	"parentId": "b5d4016f-ac59-40ab-98df-d6a341b4598b",
	"localMatrix": {
		"0": 1,
		"1": 0,
		"2": 0,
		"3": 0,
		"4": 0,
		"5": 1,
		"6": 0,
		"7": 0,
		"8": 0,
		"9": 0,
		"10": 1,
		"11": 0,
		"12": 0,
		"13": 0,
		"14": 0,
		"15": 1
	},
	"isEnabled": true
}