{
	"tags": null,
	"position": [
		-98.77205657958984,
		-0.0005091215134598315,
		-0.0007750296499580145
	],
	"rotation": [
		0,
		0,
		0
	],
	"rotationQuaternion": [
		6.938893903907228e-18,
		-4.163336342344337e-17,
		3.469446951953614e-18,
		1
	],
	"scaling": [
		1,
		1,
		1
	],
	"billboardMode": 0,
	"scalingDeterminant": 1,
	"infiniteDistance": false,
	"ignoreNonUniformScaling": false,
	"reIntegrateRotationIntoRotationQuaternion": false,
	"name": "R_Fin3.34",
	"id": "6eb71349-bb48-4acf-a6a7-777356645b5e",
	"state": "",
	"metadata": {
		"gltf": {
			"pointers": [
				"/nodes/20"
			],
			"editorDone": true
		}
	},
	"type": "TransformNode",
	"parentId": "7f8d3e91-8af1-4403-ae72-45c332adf354",
	"localMatrix": {
		"0": 1,
		"1": 0,
		"2": 0,
		"3": 0,
		"4": 0,
		"5": 1,
		"6": 0,
		"7": 0,
		"8": 0,
		"9": 0,
		"10": 1,
		"11": 0,
		"12": 0,
		"13": 0,
		"14": 0,
		"15": 1
	},
	"isEnabled": true
}