{
	"tags": null,
	"position": [
		-79.54458618164062,
		-0.00004824686766369268,
		0.00013817303988616914
	],
	"rotation": [
		0,
		0,
		0
	],
	"rotationQuaternion": [
		-0.055192045867443085,
		0.10601205378770828,
		-0.051362719386816025,
		0.9915024638175964
	],
	"scaling": [
		1,
		1,
		1
	],
	"billboardMode": 0,
	"scalingDeterminant": 1,
	"infiniteDistance": false,
	"ignoreNonUniformScaling": false,
	"reIntegrateRotationIntoRotationQuaternion": false,
	"name": "R_Fin2.33",
	"id": "7f8d3e91-8af1-4403-ae72-45c332adf354",
	"state": "",
	"metadata": {
		"gltf": {
			"pointers": [
				"/nodes/34"
			],
			"editorDone": true
		}
	},
	"type": "TransformNode",
	"parentId": "bd70057a-9cfd-4009-9d24-e7e8de3c6ff3",
	"localMatrix": {
		"0": 1,
		"1": 0,
		"2": 0,
		"3": 0,
		"4": 0,
		"5": 1,
		"6": 0,
		"7": 0,
		"8": 0,
		"9": 0,
		"10": 1,
		"11": 0,
		"12": 0,
		"13": 0,
		"14": 0,
		"15": 1
	},
	"isEnabled": true
}