{
	"tags": null,
	"position": [
		135.268310546875,
		-77.30812072753906,
		-154.75120544433594
	],
	"rotation": [
		0,
		0,
		0
	],
	"rotationQuaternion": [
		0.6039758324623108,
		0.1010763868689537,
		0.7634990811347961,
		0.20509986579418182
	],
	"scaling": [
		1,
		1,
		1
	],
	"billboardMode": 0,
	"scalingDeterminant": 1,
	"infiniteDistance": false,
	"ignoreNonUniformScaling": false,
	"reIntegrateRotationIntoRotationQuaternion": false,
	"name": "R_Fin1.32",
	"id": "bd70057a-9cfd-4009-9d24-e7e8de3c6ff3",
	"state": "",
	"metadata": {
		"gltf": {
			"pointers": [
				"/nodes/33"
			],
			"editorDone": true
		}
	},
	"type": "TransformNode",
	"parentId": "2ed3c522-7fec-4567-9723-ca4779ca0b25",
	"localMatrix": {
		"0": 1,
		"1": 0,
		"2": 0,
		"3": 0,
		"4": 0,
		"5": 1,
		"6": 0,
		"7": 0,
		"8": 0,
		"9": 0,
		"10": 1,
		"11": 0,
		"12": 0,
		"13": 0,
		"14": 0,
		"15": 1
	},
	"isEnabled": true
}