{
	"tags": null,
	"position": [
		255.3086395263672,
		-67.45718383789062,
		71.0161361694336
	],
	"rotation": [
		0,
		0,
		0
	],
	"rotationQuaternion": [
		-6.123234262925839e-17,
		-1.1102230246251565e-16,
		-6.123234262925839e-17,
		1
	],
	"scaling": [
		1,
		1,
		1
	],
	"billboardMode": 0,
	"scalingDeterminant": 1,
	"infiniteDistance": false,
	"ignoreNonUniformScaling": false,
	"reIntegrateRotationIntoRotationQuaternion": false,
	"name": "R_upper_Lip.9",
	"id": "77a6100d-e71d-4185-bd34-021304b5be01",
	"state": "",
	"metadata": {
		"gltf": {
			"pointers": [
				"/nodes/15"
			],
			"editorDone": true
		}
	},
	"type": "TransformNode",
	"parentId": "96ba895e-96f3-4510-9143-632839c9eef5",
	"localMatrix": {
		"0": 1,
		"1": 0,
		"2": 0,
		"3": 0,
		"4": 0,
		"5": 1,
		"6": 0,
		"7": 0,
		"8": 0,
		"9": 0,
		"10": 1,
		"11": 0,
		"12": 0,
		"13": 0,
		"14": 0,
		"15": 1
	},
	"isEnabled": true
}