{
	"tags": null,
	"position": [
		79.54460144042969,
		6.394884621840902e-13,
		4.831690603168681e-13
	],
	"rotation": [
		0,
		0,
		0
	],
	"rotationQuaternion": [
		-0.055192045867443085,
		0.10601205378770828,
		-0.051362719386816025,
		0.9915024638175964
	],
	"scaling": [
		1,
		1,
		1
	],
	"billboardMode": 0,
	"scalingDeterminant": 1,
	"infiniteDistance": false,
	"ignoreNonUniformScaling": false,
	"reIntegrateRotationIntoRotationQuaternion": false,
	"name": "shark.RootNode.0.skeletal.3.shark_root.4.Spine1.13.L_Fin1.29.L_Fin2.30",
	"id": "78031f01-ac98-44a4-af1e-a624c265312f",
	"state": "",
	"metadata": {
		"gltf": {
			"pointers": [
				"/nodes/31"
			],
			"editorDone": true
		}
	},
	"type": "TransformNode",
	"parentId": "431fb4e5-2b90-40dd-8eb3-0baad1de8eb2",
	"localMatrix": {
		"0": 1,
		"1": 0,
		"2": 0,
		"3": 0,
		"4": 0,
		"5": 1,
		"6": 0,
		"7": 0,
		"8": 0,
		"9": 0,
		"10": 1,
		"11": 0,
		"12": 0,
		"13": 0,
		"14": 0,
		"15": 1
	},
	"isEnabled": true
}