{
	"tags": null,
	"position": [
		171.3588409423828,
		6.729123924742453e-9,
		-6.394884621840902e-14
	],
	"rotation": [
		0,
		0,
		0
	],
	"rotationQuaternion": [
		-0.0003540477482602,
		-0.025566700845956802,
		-0.01567547395825386,
		0.9995501637458801
	],
	"scaling": [
		1,
		1,
		1
	],
	"billboardMode": 0,
	"scalingDeterminant": 1,
	"infiniteDistance": false,
	"ignoreNonUniformScaling": false,
	"reIntegrateRotationIntoRotationQuaternion": false,
	"name": "shark.RootNode.0.skeletal.3.shark_root.4.Spine1.13.Spine2.14.Spine3.15.Spine4.16.Spine5.17",
	"id": "22b9f67e-8220-4e9f-97f2-e2feba6473a8",
	"state": "",
	"metadata": {
		"gltf": {
			"pointers": [
				"/nodes/21"
			],
			"editorDone": true
		}
	},
	"type": "TransformNode",
	"parentId": "5727ad58-a39c-41e4-a194-3e397c87c56a",
	"localMatrix": {
		"0": 1,
		"1": 0,
		"2": 0,
		"3": 0,
		"4": 0,
		"5": 1,
		"6": 0,
		"7": 0,
		"8": 0,
		"9": 0,
		"10": 1,
		"11": 0,
		"12": 0,
		"13": 0,
		"14": 0,
		"15": 1
	},
	"isEnabled": true
}