{
	"tags": null,
	"position": [
		254.0277557373047,
		18.335542678833008,
		95.4546127319336
	],
	"rotation": [
		0,
		0,
		0
	],
	"rotationQuaternion": [
		-0.000994075322523713,
		0.988723337650299,
		0.0011559700360521672,
		-0.14974623918533322
	],
	"scaling": [
		1,
		1,
		1
	],
	"billboardMode": 0,
	"scalingDeterminant": 1,
	"infiniteDistance": false,
	"ignoreNonUniformScaling": false,
	"reIntegrateRotationIntoRotationQuaternion": false,
	"name": "shark.RootNode.0.skeletal.3.shark_root.4.Head.5.R_Eye.8",
	"id": "d78c3e56-e2c9-4fce-969f-42d310cd449c",
	"state": "",
	"metadata": {
		"gltf": {
			"pointers": [
				"/nodes/2"
			],
			"editorDone": true
		}
	},
	"type": "TransformNode",
	"parentId": "0eeea605-df84-4d66-9132-029948fdfd22",
	"localMatrix": {
		"0": 1,
		"1": 0,
		"2": 0,
		"3": 0,
		"4": 0,
		"5": 1,
		"6": 0,
		"7": 0,
		"8": 0,
		"9": 0,
		"10": 1,
		"11": 0,
		"12": 0,
		"13": 0,
		"14": 0,
		"15": 1
	},
	"isEnabled": true
}