{
	"tags": null,
	"position": [
		81.22773742675781,
		2.2737367544323206e-12,
		8.526512829121202e-14
	],
	"rotation": [
		0,
		0,
		0
	],
	"rotationQuaternion": [
		-3.4806999170067856e-18,
		0,
		0.08034640550613403,
		0.9967670440673828
	],
	"scaling": [
		1,
		1,
		1
	],
	"billboardMode": 0,
	"scalingDeterminant": 1,
	"infiniteDistance": false,
	"ignoreNonUniformScaling": false,
	"reIntegrateRotationIntoRotationQuaternion": false,
	"name": "shark.RootNode.0.skeletal.3.shark_root.4.Spine1.13.Spine2.14.Spine3.15.Spine4.16.Spine5.17.Spine6.18.BackFinB1.23.BackFinB2.24",
	"id": "57b26679-6fbc-47aa-ba5a-5181e8ed03b8",
	"state": "",
	"metadata": {
		"gltf": {
			"pointers": [
				"/nodes/27"
			],
			"editorDone": true
		}
	},
	"type": "TransformNode",
	"parentId": "19881136-a6e0-4b99-91a5-69f44e3595c1",
	"localMatrix": {
		"0": 1,
		"1": 0,
		"2": 0,
		"3": 0,
		"4": 0,
		"5": 1,
		"6": 0,
		"7": 0,
		"8": 0,
		"9": 0,
		"10": 1,
		"11": 0,
		"12": 0,
		"13": 0,
		"14": 0,
		"15": 1
	},
	"isEnabled": true
}