{
	"tags": null,
	"position": [
		163.5558624267578,
		-2.796276135086373e-7,
		-7.815970093361102e-14
	],
	"rotation": [
		0,
		0,
		0
	],
	"rotationQuaternion": [
		0.000014245927559386473,
		-0.0076855020597577095,
		-0.004877832252532244,
		0.9999585747718811
	],
	"scaling": [
		1,
		1,
		1
	],
	"billboardMode": 0,
	"scalingDeterminant": 1,
	"infiniteDistance": false,
	"ignoreNonUniformScaling": false,
	"reIntegrateRotationIntoRotationQuaternion": false,
	"name": "shark.RootNode.0.skeletal.3.shark_root.4.Spine1.13.Spine2.14.Spine3.15.Spine4.16",
	"id": "5727ad58-a39c-41e4-a194-3e397c87c56a",
	"state": "",
	"metadata": {
		"gltf": {
			"pointers": [
				"/nodes/19"
			],
			"editorDone": true
		}
	},
	"type": "TransformNode",
	"parentId": "cb854d98-ffa5-47f9-b17d-716855de1b02",
	"localMatrix": {
		"0": 1,
		"1": 0,
		"2": 0,
		"3": 0,
		"4": 0,
		"5": 1,
		"6": 0,
		"7": 0,
		"8": 0,
		"9": 0,
		"10": 1,
		"11": 0,
		"12": 0,
		"13": 0,
		"14": 0,
		"15": 1
	},
	"isEnabled": true
}