{
	"tags": null,
	"position": [
		254.68109130859375,
		-1.9281478103039262e-7,
		-3.517186542012496e-13
	],
	"rotation": [
		0,
		0,
		0
	],
	"rotationQuaternion": [
		0.00031181456870399415,
		0.013133888132870197,
		-0.015374262817203999,
		0.9997954368591309
	],
	"scaling": [
		1,
		1,
		1
	],
	"billboardMode": 0,
	"scalingDeterminant": 1,
	"infiniteDistance": false,
	"ignoreNonUniformScaling": false,
	"reIntegrateRotationIntoRotationQuaternion": false,
	"name": "shark.RootNode.0.skeletal.3.shark_root.4.Spine1.13.Spine2.14.Spine3.15",
	"id": "cb854d98-ffa5-47f9-b17d-716855de1b02",
	"state": "",
	"metadata": {
		"gltf": {
			"pointers": [
				"/nodes/8"
			],
			"editorDone": true
		}
	},
	"type": "TransformNode",
	"parentId": "948a5d9f-bb2d-4cf1-841f-62db0ac47b07",
	"localMatrix": {
		"0": 1,
		"1": 0,
		"2": 0,
		"3": 0,
		"4": 0,
		"5": 1,
		"6": 0,
		"7": 0,
		"8": 0,
		"9": 0,
		"10": 1,
		"11": 0,
		"12": 0,
		"13": 0,
		"14": 0,
		"15": 1
	},
	"isEnabled": true
}