{
	"tags": null,
	"position": [
		171.42532348632812,
		1.8423011738377681e-7,
		-1.8474111129762605e-13
	],
	"rotation": [
		0,
		0,
		0
	],
	"rotationQuaternion": [
		-0.0012440924765542147,
		-0.03398719802498817,
		-0.02539875730872154,
		0.9990987181663512
	],
	"scaling": [
		0.9999999403953552,
		1,
		1
	],
	"billboardMode": 0,
	"scalingDeterminant": 1,
	"infiniteDistance": false,
	"ignoreNonUniformScaling": false,
	"reIntegrateRotationIntoRotationQuaternion": false,
	"name": "shark.RootNode.0.skeletal.3.shark_root.4.Spine1.13.Spine2.14.Spine3.15.Spine4.16.Spine5.17.Spine6.18",
	"id": "8646a575-0e63-45ec-a253-35640b2f50dc",
	"state": "",
	"metadata": {
		"gltf": {
			"pointers": [
				"/nodes/22"
			],
			"editorDone": true
		}
	},
	"type": "TransformNode",
	"parentId": "22b9f67e-8220-4e9f-97f2-e2feba6473a8",
	"localMatrix": {
		"0": 1,
		"1": 0,
		"2": 0,
		"3": 0,
		"4": 0,
		"5": 1,
		"6": 0,
		"7": 0,
		"8": 0,
		"9": 0,
		"10": 1,
		"11": 0,
		"12": 0,
		"13": 0,
		"14": 0,
		"15": 1
	},
	"isEnabled": true
}