{
	"tags": null,
	"position": [
		254.68109130859375,
		-1.9281478103039262e-7,
		-3.517186542012496e-13
	],
	"rotation": [
		0,
		0,
		0
	],
	"rotationQuaternion": [
		0.00031181456870399415,
		0.013133888132870197,
		-0.015374262817203999,
		0.9997954368591309
	],
	"scaling": [
		1,
		1,
		1
	],
	"billboardMode": 0,
	"scalingDeterminant": 1,
	"infiniteDistance": false,
	"ignoreNonUniformScaling": false,
	"reIntegrateRotationIntoRotationQuaternion": false,
	"name": "Spine3.15",
	"id": "63c9487b-e120-451a-9f89-39e4764c326e",
	"state": "",
	"metadata": {
		"gltf": {
			"pointers": [
				"/nodes/8"
			],
			"editorDone": true
		}
	},
	"type": "TransformNode",
	"parentId": "cd1e4a22-07b9-4101-8d96-7d04a83a6ba9",
	"localMatrix": {
		"0": 1,
		"1": 0,
		"2": 0,
		"3": 0,
		"4": 0,
		"5": 1,
		"6": 0,
		"7": 0,
		"8": 0,
		"9": 0,
		"10": 1,
		"11": 0,
		"12": 0,
		"13": 0,
		"14": 0,
		"15": 1
	},
	"isEnabled": true
}