{
	"tags": null,
	"position": [
		107.90132141113281,
		-4.3357010781619465e-7,
		-8.526512829121202e-14
	],
	"rotation": [
		0,
		0,
		0
	],
	"rotationQuaternion": [
		8.673617379884035e-19,
		0,
		0,
		1
	],
	"scaling": [
		1,
		1,
		1
	],
	"billboardMode": 0,
	"scalingDeterminant": 1,
	"infiniteDistance": false,
	"ignoreNonUniformScaling": false,
	"reIntegrateRotationIntoRotationQuaternion": false,
	"name": "Spine7.19",
	"id": "1fd1df4e-c202-4947-a50e-552433972635",
	"state": "",
	"metadata": {
		"gltf": {
			"pointers": [
				"/nodes/23"
			],
			"editorDone": true
		}
	},
	"type": "TransformNode",
	"parentId": "2472a42c-194f-4649-80dd-6961d0543c3f",
	"localMatrix": {
		"0": 1,
		"1": 0,
		"2": 0,
		"3": 0,
		"4": 0,
		"5": 1,
		"6": 0,
		"7": 0,
		"8": 0,
		"9": 0,
		"10": 1,
		"11": 0,
		"12": 0,
		"13": 0,
		"14": 0,
		"15": 1
	},
	"isEnabled": true
}