{
	"tags": null,
	"position": [
		171.3588409423828,
		6.729123924742453e-9,
		-6.394884621840902e-14
	],
	"rotation": [
		0,
		0,
		0
	],
	"rotationQuaternion": [
		-0.0003540477482602,
		-0.025566700845956802,
		-0.01567547395825386,
		0.9995501637458801
	],
	"scaling": [
		1,
		1,
		1
	],
	"billboardMode": 0,
	"scalingDeterminant": 1,
	"infiniteDistance": false,
	"ignoreNonUniformScaling": false,
	"reIntegrateRotationIntoRotationQuaternion": false,
	"name": "Spine5.17",
	"id": "d09c4a5e-25a2-456d-a2cc-b6996dd671e4",
	"state": "",
	"metadata": {
		"gltf": {
			"pointers": [
				"/nodes/21"
			],
			"editorDone": true
		}
	},
	"type": "TransformNode",
	"parentId": "a23d0435-4a8e-4b1a-9642-21cd772822f4",
	"localMatrix": {
		"0": 1,
		"1": 0,
		"2": 0,
		"3": 0,
		"4": 0,
		"5": 1,
		"6": 0,
		"7": 0,
		"8": 0,
		"9": 0,
		"10": 1,
		"11": 0,
		"12": 0,
		"13": 0,
		"14": 0,
		"15": 1
	},
	"isEnabled": true
}